,BLEU-1,BLEU-2,BLEU-3,BLEU-4,METEOR,ROUGE-L,CIDEr,SPICE,CLIP-S,RefCLIP-S,BERT-S
start_layer_0,0.33593395252837627,0.226135807820735,0.14283519939232328,0.08924374021453117,0.23875425436328915,0.30510899413661,0.0006850261150071498,0.19834742137789,0.17721745371818542,0.2625632882118225,0.8913525342941284
start_layer_2,0.3385047617080139,0.22788386007790132,0.14450544663198367,0.0902889011320618,0.24098835413256786,0.30822980223145713,0.000960724644382146,0.20083436610092745,0.1930067092180252,0.28247806429862976,0.8933609127998352
start_layer_4,0.34166876627193726,0.22857619297061452,0.14445231130670452,0.09034925981961027,0.2409899028975409,0.3109424627175698,0.0014105204603728249,0.2026745743558818,0.18838222324848175,0.27563226222991943,0.8933438658714294
start_layer_6,0.33936769344478673,0.22721450132116142,0.14353542057669472,0.08943501061412436,0.23974403279741627,0.31075771620570447,0.0008727315739877273,0.20114194695171006,0.19786761701107025,0.2884053885936737,0.8933895230293274
start_layer_8,0.33919325204609635,0.22830498599665028,0.14526962724905984,0.09138938655329477,0.24233990695627847,0.3106539881035568,0.0015345956295691064,0.2058266728392719,0.2019457221031189,0.2940302789211273,0.894558310508728
start_layer_10,0.3350233281492967,0.22750067600175233,0.14575253914165417,0.09192148334043244,0.2410559690642383,0.30859244282105736,0.0029802043762220372,0.20768281116352372,0.19961632788181305,0.29184189438819885,0.8936144709587097
start_layer_12,0.3325167267112678,0.2252319701961117,0.14402620513964753,0.09055738132591355,0.24061070071784654,0.3072824723732136,0.0014207524565039448,0.20818489737595774,0.20100586116313934,0.29435962438583374,0.8932288885116577
start_layer_14,0.3338939852029147,0.228187134702519,0.14686804949097912,0.09258698571971688,0.24206371739077237,0.30971315160212015,0.0019982107731036,0.2106401611681575,0.20057901740074158,0.2935195863246918,0.8937554955482483
start_layer_16,0.3331038946362677,0.22761054693484728,0.14607006426757493,0.0922544473499207,0.2417091583365196,0.3080850856006569,0.0008438373894427705,0.2076440836590914,0.1962999403476715,0.2883436381816864,0.8934249877929688
start_layer_18,0.3353965622006824,0.2299676826544089,0.14782125565081924,0.09346726025723813,0.24385622104169818,0.30939352835769596,0.0007203953045908773,0.20916549067811271,0.1961519420146942,0.28829994797706604,0.8935797810554504
start_layer_20,0.3333708439897664,0.22767927827707635,0.14533857495612623,0.09143802291708782,0.24091667867475344,0.30558880999039073,0.0005645139257083145,0.20509125211616433,0.18644027411937714,0.2750900387763977,0.8920225501060486
start_layer_22,0.33393245575514613,0.22973248155502918,0.14735229171041217,0.09313033380550363,0.24152121384789982,0.3063816979383225,0.0005821546417935968,0.2056068584455762,0.18250101804733276,0.2703406810760498,0.8919391632080078
start_layer_24,0.33358947562549607,0.22801569912475259,0.14550615489278979,0.09126366959409472,0.2413659241286373,0.305438670852849,0.0008415519823679816,0.20339175302110904,0.18104833364486694,0.26847565174102783,0.892235279083252
start_layer_26,0.33319993843311957,0.22758908369915704,0.14516269801403964,0.09121775722917332,0.24098602177554898,0.3055484227270591,0.000651523639525886,0.20320165632884069,0.18058499693870544,0.2675524055957794,0.8919574022293091
start_layer_28,0.33216456047628007,0.22710713581499406,0.14516961231598124,0.09109245078957032,0.2397869355232161,0.30592955848393255,0.0007188091699461914,0.2023069378256101,0.18110090494155884,0.26819559931755066,0.8918437361717224
start_layer_30,0.33636401292353224,0.23038769522654765,0.14855755538102608,0.09423136878601826,0.2421995991613613,0.31005860423104614,0.0007515333055085355,0.2065279733577785,0.17972886562347412,0.26569873094558716,0.8919538855552673
mm_model,0.5406602797643022,0.39946522850941374,0.2828404839107441,0.19599768743292867,0.27980304188739813,0.4956119326684995,0.8185888008337282,0.23564154590123326,0.2089049220085144,0.31476059556007385,0.9285216927528381
mm_pretrained_connector,0.3316784749477513,0.22595460064109613,0.1433386914362408,0.08989623505153098,0.2392658826507975,0.3030218076501893,0.0005999746627782903,0.20063238775905234,0.18028274178504944,0.26724550127983093,0.8908224701881409
