,1,2,3,4,5,6,7,8,9,10,11,12,13,14,15,16,17,18,19,20,21,22,23,24,25,26,27,28,29,30,31,32
1,0.471,0.7334667,0.81048,0.5647867,0.34342667,0.82114667,0.78984,0.84286666,0.43213335,0.81938666,0.8418533,0.79368,0.43630666,0.79433334,0.80098665,0.52448,0.84308,0.8178933,0.47070667,0.47221333,0.73330665,0.73557335,0.7041867,0.86865336,0.82442665,0.53324,0.5055067,0.80770665,0.8676,0.7903467,0.77070665,0.73205334
2,0.42724,0.46236,0.46290666,0.5529467,0.48332,0.69632,0.8088933,0.28682667,0.38313332,0.50044,0.37777334,0.45057333,0.5432133,0.61664,0.22273333,0.41736,0.68969333,0.30118668,0.40110666,0.6098533,0.634,0.63392,0.29610667,0.5134133,0.7914,0.26173332,0.54426664,0.46364,0.8513067,0.33710667,0.4528,0.55308
3,0.29394665,0.42285332,0.25078666,0.43356,0.25972,0.23953333,0.46218666,0.22893333,0.27528,0.30506667,0.40824,0.20465334,0.19924,0.33564,0.3552,0.17809333,0.25493333,0.21514666,0.24533333,0.4436,0.3726,0.54429334,0.34429333,0.51037335,0.22136,0.30129334,0.45997334,0.20866667,0.27852,0.21284,0.16049333,0.34714666
4,0.28458667,0.11934666,0.19890666,0.1604,0.27944,0.17,0.26124,0.41477334,0.3722,0.19705333,0.2166,0.12969333,0.18834667,0.24964,0.14841333,0.18672,0.19228,0.33149335,0.23724,0.27541333,0.21206667,0.42284,0.18929334,0.24321334,0.24348,0.31316,0.19317333,0.28328,0.31730667,0.23618667,0.22362667,0.29772
5,0.1866,0.24652,0.33169332,0.24668,0.23374666,0.56229335,0.17044,0.25878668,0.20508,0.16713333,0.1718,0.083066665,0.48904,0.16117333,0.17586666,0.22794667,0.24994667,0.50212,0.22416,0.18930666,0.35134667,0.23865333,0.1524,0.18745333,0.19197333,0.10888,0.17866667,0.18122667,0.26361334,0.20226666,0.15917334,0.39546666
6,0.18986666,0.28716,0.20982666,0.26538667,0.17794667,0.44492,0.5882933,0.25441334,0.10144,0.20164,0.12381333,0.08865333,0.33389333,0.21126667,0.20686667,0.23681334,0.21664,0.26668,0.12377334,0.1368,0.14244,0.38276,0.24224,0.34408,0.17770667,0.289,0.13254666,0.32968,0.18032,0.25989333,0.19129333,0.56618667
7,0.17652,0.26054665,0.23537333,0.117586665,0.20597333,0.117813334,0.26528,0.18802667,0.19369334,0.09469333,0.14418666,0.09742667,0.15726666,0.20596,0.17865333,0.14968,0.076346666,0.15476,0.14946666,0.18245333,0.11738667,0.15958667,0.13470666,0.14762667,0.11474667,0.12268,0.37525332,0.19314666,0.15545334,0.20342667,0.23114666,0.28117332
8,0.20968,0.117866665,0.13332,0.15490666,0.13993333,0.12674667,0.16081333,0.08924,0.18013333,0.1662,0.12065333,0.10073333,0.10202666,0.13154666,0.10610667,0.24977334,0.10730667,0.18184,0.112493336,0.06953333,0.11906666,0.14292,0.18154667,0.10538667,0.10886667,0.13369334,0.13244,0.14881334,0.070426665,0.1502,0.14974667,0.12869333
9,0.063666664,0.11209334,0.08984,0.09030667,0.08094667,0.18068,0.13144,0.15364,0.14905334,0.15073334,0.08602667,0.13316,0.16282667,0.16544,0.13614666,0.09097333,0.12554666,0.12817334,0.20514667,0.071266666,0.06414667,0.123733334,0.14949334,0.17997333,0.16072,0.06216,0.100373335,0.09658667,0.18014666,0.14937334,0.10677333,0.108333334
10,0.15413333,0.10617334,0.20409334,0.11648,0.13641334,0.108333334,0.12505333,0.11157333,0.081026666,0.19382666,0.1146,0.12838666,0.17873333,0.11876,0.20453334,0.12032,0.113013335,0.109053336,0.16293333,0.13781333,0.103306666,0.10362667,0.07818667,0.13272,0.15904,0.10233333,0.1556,0.12544,0.14266667,0.09018666,0.091693334,0.09881333
11,0.085426666,0.13809334,0.13965334,0.13868,0.08352,0.11201333,0.13265334,0.09756,0.13678667,0.14253333,0.087173335,0.10194667,0.10078666,0.07616,0.09810667,0.15246667,0.104773335,0.088986665,0.09765334,0.08604,0.11473333,0.12168,0.07610667,0.067946665,0.05293333,0.09906667,0.1528,0.16268,0.099146664,0.106693335,0.091,0.08846667
12,0.11890667,0.10005333,0.030306667,0.14570667,0.10385333,0.065066665,0.12956,0.15956,0.14737333,0.15037334,0.10129333,0.11348,0.10348,0.066,0.050746668,0.04436,0.13216,0.08722667,0.06666667,0.12577334,0.08944,0.12449333,0.15637334,0.082106665,0.19172,0.09133333,0.09494667,0.07857333,0.08316,0.14489333,0.15052,0.050066665
13,0.11861333,0.16113333,0.07029333,0.13769333,0.106973335,0.15333334,0.10518666,0.08468,0.09352,0.105173334,0.085773334,0.04856,0.13984,0.13970667,0.082106665,0.06764,0.044746667,0.06565333,0.09536,0.10992,0.1244,0.11613333,0.11528,0.07876,0.10089333,0.07801333,0.043626666,0.10577333,0.050746668,0.09973333,0.11228,0.08533333
14,0.08741333,0.114546664,0.08969333,0.059773333,0.14532,0.11218667,0.06696,0.09717333,0.13830666,0.11873333,0.10058667,0.10124,0.08288,0.08173333,0.07632,0.05372,0.09149333,0.06428,0.12764,0.05604,0.07928,0.12954667,0.15224,0.08212,0.10304,0.0316,0.21865334,0.0838,0.14382666,0.056053333,0.09458666,0.11354667
15,0.12410667,0.09988,0.15722667,0.13061333,0.11434667,0.13918667,0.0412,0.10112,0.054213334,0.18148,0.104373336,0.11486667,0.11982667,0.07536,0.102573335,0.11972,0.0508,0.12366667,0.08150667,0.11750667,0.12414667,0.13562667,0.056026667,0.08784,0.057213333,0.08609334,0.09664,0.10870667,0.15798667,0.1268,0.10597333,0.08064
16,0.22016,0.15768,0.1838,0.06886667,0.15154667,0.13309333,0.14165333,0.1256,0.152,0.099706665,0.117133334,0.06954667,0.05568,0.19373333,0.10308,0.03782667,0.11172,0.049426667,0.11641333,0.18052,0.20442666,0.0996,0.20284,0.16810666,0.12972,0.093666665,0.13228,0.2078,0.094453335,0.16093333,0.17193334,0.17805333
17,0.16437334,0.042573333,0.24253333,0.21229333,0.25076,0.17569333,0.08672,0.18602666,0.08241333,0.26810667,0.13969333,0.07969333,0.09198666,0.19906667,0.16445333,0.16245334,0.20253333,0.12465333,0.15612,0.058226667,0.10789333,0.07572,0.15878667,0.11252,0.10029333,0.116613336,0.049666665,0.13334666,0.1146,0.14724,0.12746666,0.17672
18,0.15174666,0.20812,0.20897333,0.049226668,0.12945333,0.14781334,0.057173334,0.099973336,0.19333333,0.25782666,0.2242,0.09249333,0.047306668,0.13545333,0.12450667,0.26666668,0.17688,0.07476,0.1672,0.19757333,0.06302667,0.16926667,0.07806667,0.1602,0.17806667,0.10549334,0.054106668,0.18085334,0.15973334,0.08854666,0.24904,0.12402666
19,0.12365333,0.11197333,0.060066666,0.19696,0.28602666,0.08062667,0.12372,0.1704,0.30086666,0.12701334,0.12304,0.22045334,0.31738666,0.14034666,0.159,0.19817333,0.16889334,0.11902667,0.15632,0.19269334,0.13410667,0.073,0.21333334,0.074146666,0.20792,0.07424,0.14213334,0.13101333,0.17712,0.12402666,0.08665334,0.15345334
20,0.1082,0.16281334,0.13369334,0.24785334,0.15392,0.18324,0.17088,0.21405333,0.20901333,0.23754667,0.11976,0.12204,0.08034667,0.21709333,0.14942667,0.101213336,0.17496,0.11302666,0.2236,0.16029334,0.070546664,0.104373336,0.10558667,0.21194667,0.15258667,0.1738,0.23090667,0.15769333,0.09584,0.081306666,0.15254667,0.23354666
21,0.11118667,0.15410666,0.11792,0.18241334,0.12982666,0.40229332,0.2444,0.17988,0.18468,0.09409333,0.15073334,0.16361333,0.28994668,0.15509333,0.26613334,0.11750667,0.095866665,0.3004,0.32557333,0.107986666,0.27125335,0.10114667,0.14406666,0.09646667,0.11908,0.14262667,0.14314666,0.15568,0.1146,0.15112,0.062373333,0.19313334
22,0.12610666,0.15768,0.1476,0.15304,0.17750667,0.13697334,0.15598667,0.08501333,0.10504,0.34881333,0.24852,0.17430666,0.2992,0.22073333,0.25978667,0.21148,0.18358667,0.16190666,0.17084,0.0482,0.19054666,0.13156,0.14554666,0.23968,0.2898,0.17370667,0.17029333,0.18977334,0.18862666,0.26557332,0.0934,0.3226
23,0.29168,0.16862667,0.07045333,0.07238667,0.13833334,0.20948,0.15846667,0.26121333,0.20410667,0.16634667,0.06544,0.185,0.22705333,0.20193334,0.24678667,0.05904,0.2388,0.25724,0.24621333,0.17765333,0.23457333,0.22861333,0.17526667,0.30724,0.15701333,0.13064,0.21213333,0.21834667,0.19349334,0.19962667,0.23494667,0.048746668
24,0.28074667,0.16016,0.20361333,0.22778666,0.19413333,0.13688,0.11429334,0.13426666,0.18144,0.11488,0.14982666,0.18362667,0.1718,0.22578667,0.19425334,0.29984,0.27296,0.16064,0.15548,0.21252,0.24117333,0.21454667,0.14498666,0.12904,0.31453332,0.27161333,0.18576,0.121986665,0.19570667,0.19214667,0.26041332,0.23
25,0.22230667,0.21849333,0.21666667,0.12412,0.19698666,0.05516,0.17542666,0.21458666,0.16421333,0.16845334,0.064613335,0.18178667,0.11513333,0.17250666,0.31008,0.23254667,0.21229333,0.23428,0.11926667,0.22370666,0.07006667,0.13388,0.194,0.13937333,0.28068,0.13856,0.16992,0.20934667,0.13929333,0.091173336,0.18573333,0.21982667
26,0.27932,0.23848,0.21364,0.17789334,0.18512,0.16516,0.19513333,0.060533334,0.23393333,0.17929333,0.27461332,0.079906665,0.24348,0.13568,0.16901334,0.28194666,0.07608,0.1408,0.21069333,0.18537334,0.18964,0.18036,0.06092,0.19196,0.16398667,0.19674666,0.27105334,0.07188,0.23864,0.17722666,0.17742667,0.039
27,0.1262,0.16070667,0.19297333,0.15208,0.22206667,0.20353334,0.18656,0.06898667,0.21046667,0.08772,0.088146664,0.19988,0.07604,0.12049333,0.28453332,0.37533334,0.26053333,0.17689334,0.14565334,0.10296,0.14936,0.31212,0.13932,0.30030668,0.15742667,0.21724,0.21302667,0.22984,0.21182667,0.10474667,0.20166667,0.14438666
28,0.19372,0.27502668,0.25130665,0.16806667,0.08173333,0.20348,0.12354667,0.19284,0.19841333,0.21606667,0.31212,0.15532,0.21906666,0.29689333,0.19009334,0.13456,0.28677332,0.113573335,0.17873333,0.30413333,0.21970667,0.21488,0.16837333,0.22570667,0.09822667,0.13592,0.28016,0.07689333,0.23385334,0.23322667,0.14833333,0.050626665
29,0.09701333,0.28221333,0.18713333,0.08765333,0.25645334,0.12598667,0.24773334,0.2326,0.17065333,0.07644,0.13726667,0.20425333,0.13449334,0.11362667,0.21892,0.14098667,0.1684,0.21026666,0.09052,0.25469333,0.079213336,0.26536,0.18622667,0.23590666,0.24658667,0.30952,0.12204,0.30572,0.22022666,0.17188,0.19318667,0.17632
30,0.12609333,0.21910666,0.12893334,0.21006666,0.17,0.22234666,0.13485333,0.13341333,0.22836,0.35313332,0.31469333,0.102,0.0512,0.1542,0.12765333,0.19198667,0.25772,0.33072,0.08608,0.17642666,0.13665333,0.15948,0.06753334,0.30817333,0.21932,0.12676,0.12078667,0.24894667,0.10994667,0.11328,0.11326667,0.073413335
31,0.17357333,0.17770667,0.24909334,0.23258667,0.16213334,0.25181332,0.18244,0.21301334,0.11054666,0.16382666,0.15258667,0.1628,0.34278667,0.05488,0.17806667,0.14096,0.098866664,0.14009333,0.0798,0.10992,0.20033333,0.05596,0.19168,0.23241334,0.101493336,0.11508,0.11293333,0.13577333,0.19993334,0.08908,0.19950667,0.24972
32,0.2938,0.11874667,0.10048,0.1902,0.26373333,0.17948,0.14694667,0.15902667,0.12484,0.1816,0.11788,0.17713334,0.15448,0.25036,0.16634667,0.1164,0.24578667,0.26478666,0.07912,0.13101333,0.1654,0.13072,0.030546667,0.12761334,0.36358666,0.35865334,0.19833334,0.35334668,0.14372,0.22048,0.19054666,0.24717334
