Layer,Neighborhood Overlap
1,0.53928
2,0.5420933333333333
3,0.44741333333333333
4,0.38953333333333334
5,0.35557333333333335
6,0.33050666666666667
7,0.22909333333333334
8,0.21561333333333332
9,0.21138666666666667
10,0.19704
11,0.19549333333333332
12,0.19590666666666667
13,0.19376
14,0.19002666666666668
15,0.22104
16,0.24782666666666667
17,0.27841333333333335
18,0.29142666666666667
19,0.2865066666666667
20,0.27774666666666664
21,0.3278933333333333
22,0.3479333333333333
23,0.3523866666666667
24,0.349
25,0.35585333333333335
26,0.3544933333333333
27,0.36092
28,0.3556933333333333
29,0.35949333333333333
30,0.3651066666666667
31,0.36793333333333333
32,0.3409066666666667
