,num_correct_answers,num_incorrect_answers,accuracy
start_layer_0,1458,1042,0.5832
start_layer_2,1441,1059,0.5764
start_layer_4,1419,1081,0.5676
start_layer_6,1323,1177,0.5292
start_layer_8,1177,1323,0.4708
start_layer_10,1370,1130,0.548
start_layer_12,1346,1154,0.5384
start_layer_14,1282,1218,0.5128
start_layer_16,1331,1169,0.5324
start_layer_18,1442,1058,0.5768
start_layer_20,1453,1047,0.5812
start_layer_22,1525,975,0.61
start_layer_24,1485,1015,0.594
start_layer_26,1424,1076,0.5696
start_layer_28,1453,1047,0.5812
start_layer_30,1414,1086,0.5656
mm_model,1861,639,0.7444
mm_pretrained_connector,1462,1038,0.5848
