,CIDEr,CLIP-S,RefCLIP-S
split_layer_1,0.030722892573765957,0.14353050291538239,0.2134319245815277
split_layer_3,0.03191330847135907,0.1450517773628235,0.21519814431667328
split_layer_5,0.05692902318755236,0.15148639678955078,0.22453778982162476
split_layer_7,0.08809128766682,0.1558418720960617,0.23205605149269104
split_layer_9,0.26796495183229946,0.17406699061393738,0.26169273257255554
split_layer_11,0.478981854073918,0.1941252201795578,0.29272955656051636
split_layer_13,0.5310419779867627,0.2050192803144455,0.30897632241249084
split_layer_15,0.6291915368652712,0.2121342420578003,0.3199397027492523
split_layer_17,0.6752070137135139,0.21851977705955505,0.3285708427429199
split_layer_19,0.7084629232646396,0.22143392264842987,0.33286771178245544
split_layer_21,0.7223752949462313,0.22407016158103943,0.33666810393333435
split_layer_23,0.7462584036655394,0.22477233409881592,0.3376764953136444
split_layer_25,0.7695485314407894,0.22486615180969238,0.33832690119743347
split_layer_27,0.780743306925021,0.2276373952627182,0.34192320704460144
split_layer_29,0.7899710570592424,0.22955243289470673,0.3442094624042511
split_layer_31,0.8085297544182642,0.22755154967308044,0.34190303087234497
mm_model,0.8221402515895571,0.21653446555137634,0.3274258077144623
mm_pretrained_connector,0.010211898133006625,0.1461554914712906,0.21643047034740448
